Crop,Region,Year,Actual_Production_kt,Predicted_Production_kt,Error_kt,Error_Pct
Wheat,Punjab,2008,18420.0,18053.83,366.17,1.99
Wheat,Punjab,2009,17919.0,18058.58,-139.58,0.78
Wheat,Punjab,2010,19041.0,18884.86,156.14,0.82
Wheat,Punjab,2011,17738.9,18417.4,-678.5,3.82
Wheat,Punjab,2012,18587.0,18549.26,37.74,0.2
Wheat,Punjab,2013,19738.9,19574.3,164.6,0.83
Wheat,Punjab,2014,19281.9,19368.37,-86.47,0.45
Wheat,Punjab,2015,19526.7,19752.54,-225.84,1.16
Wheat,Punjab,2016,20466.3,20310.86,155.44,0.76
Wheat,Punjab,2017,19178.5,19942.19,-763.69,3.98
Wheat,Punjab,2018,18377.2,19852.3,-1475.1,8.03
Wheat,Punjab,2019,19401.9,20129.44,-727.54,3.75
Wheat,Punjab,2020,20900.0,21034.92,-134.92,0.65
Wheat,Punjab,2021,20032.0,21078.49,-1046.49,5.22
Wheat,Punjab,2022,21225.0,21525.53,-300.53,1.42
Wheat,Punjab,2023,24243.0,23514.78,728.22,3.0
Wheat,Sindh,2016,3910.4,3841.49,68.91,1.76
Wheat,Sindh,2017,3639.5,3833.65,-194.15,5.33
Wheat,Sindh,2018,3778.9,3818.52,-39.62,1.05
Wheat,Sindh,2019,3850.0,3801.89,48.11,1.25
Wheat,Sindh,2020,4043.17,3932.42,110.75,2.74
Wheat,Sindh,2021,3759.75,3928.88,-169.13,4.5
Wheat,Sindh,2022,3940.17,3960.0,-19.83,0.5
Wheat,Sindh,2023,4359.97,4062.98,296.99,6.81
Wheat,KPK,2008,1204.5,1157.97,46.53,3.86
Wheat,KPK,2009,1152.5,1130.61,21.89,1.9
Wheat,KPK,2010,1155.8,1180.87,-25.07,2.17
Wheat,KPK,2011,1130.3,1150.0,-19.7,1.74
Wheat,KPK,2012,1257.6,1183.08,74.52,5.93
Wheat,KPK,2013,1363.1,1254.42,108.68,7.97
Wheat,KPK,2014,1259.9,1292.55,-32.65,2.59
Wheat,KPK,2015,1400.5,1334.16,66.34,4.74
Wheat,KPK,2016,1365.1,1347.52,17.58,1.29
Wheat,KPK,2017,1322.7,1341.42,-18.72,1.42
Wheat,KPK,2018,1336.7,1337.18,-0.48,0.04
Wheat,KPK,2019,1130.4,1272.41,-142.01,12.56
Wheat,KPK,2020,1361.58,1276.68,84.9,6.24
Wheat,KPK,2021,1380.92,1280.92,100.0,7.24
Wheat,KPK,2022,1494.14,1406.31,87.83,5.88
Wheat,KPK,2023,1493.8,1443.6,50.2,3.36
Wheat,Balochistan,2012,768.1,790.53,-22.43,2.92
Wheat,Balochistan,2013,875.3,840.15,35.15,4.02
Wheat,Balochistan,2014,872.1,859.15,12.95,1.48
Wheat,Balochistan,2015,871.3,890.55,-19.25,2.21
Wheat,Balochistan,2016,931.8,905.97,25.83,2.77
Wheat,Balochistan,2017,935.4,927.33,8.07,0.86
Wheat,Balochistan,2018,865.3,925.63,-60.33,6.97
Wheat,Balochistan,2019,867.2,902.66,-35.46,4.09
Wheat,Balochistan,2020,1159.33,976.17,183.16,15.8
Wheat,Balochistan,2021,1220.98,1089.14,131.84,10.8
Wheat,Balochistan,2022,1516.23,1296.59,219.64,14.49
Wheat,Balochistan,2023,1486.1,1409.16,76.94,5.18
Rice,Punjab,2016,3475.0,3481.7,-6.7,0.19
Rice,Punjab,2017,3898.0,3870.93,27.07,0.69
Rice,Punjab,2018,3979.0,3939.1,39.9,1.0
Rice,Punjab,2019,4143.72,4131.85,11.87,0.29
Rice,Punjab,2020,5301.4,5187.76,113.64,2.14
Rice,Punjab,2021,5779.0,5667.74,111.26,1.93
Rice,Punjab,2022,5070.0,5063.12,6.88,0.14
Rice,Punjab,2023,6117.0,6019.74,97.26,1.59
Rice,Sindh,2010,1230.3,2093.04,-862.74,70.12
Rice,Sindh,2011,2260.1,2031.72,228.38,10.1
Rice,Sindh,2012,1843.9,1864.05,-20.15,1.09
Rice,Sindh,2013,2617.3,2289.92,327.38,12.51
Rice,Sindh,2014,2652.6,2430.34,222.26,8.38
Rice,Sindh,2015,2572.8,2637.93,-65.13,2.53
Rice,Sindh,2016,2661.6,2656.57,5.03,0.19
Rice,Sindh,2017,2850.5,2699.3,151.2,5.3
Rice,Sindh,2018,2571.1,2694.95,-123.85,4.82
Rice,Sindh,2019,2374.3,2634.65,-260.35,10.97
Rice,Sindh,2020,2416.07,2474.77,-58.7,2.43
Rice,Sindh,2021,2861.38,2592.54,268.84,9.4
Rice,Sindh,2022,2011.8,2449.99,-438.19,21.78
Rice,Sindh,2023,3074.1,2639.9,434.2,14.12
Rice,KPK,2008,128.2,126.97,1.23,0.96
Rice,KPK,2009,102.4,119.74,-17.34,16.93
Rice,KPK,2010,78.4,104.24,-25.84,32.95
Rice,KPK,2011,94.7,92.58,2.12,2.24
Rice,KPK,2012,93.8,88.87,4.93,5.26
Rice,KPK,2013,111.9,99.5,12.4,11.08
Rice,KPK,2014,131.0,111.07,19.93,15.21
Rice,KPK,2015,153.8,131.57,22.23,14.45
Rice,KPK,2016,158.2,147.55,10.65,6.73
Rice,KPK,2017,147.5,153.18,-5.68,3.85
Rice,KPK,2018,153.8,154.09,-0.29,0.19
Rice,KPK,2019,152.9,150.62,2.28,1.49
Rice,KPK,2020,158.53,153.93,4.6,2.9
Rice,KPK,2021,157.55,155.76,1.79,1.14
Rice,KPK,2022,137.27,151.7,-14.43,10.51
Rice,KPK,2023,151.5,149.45,2.05,1.35
Rice,Balochistan,2016,554.5,577.33,-22.83,4.12
Rice,Balochistan,2017,553.8,522.61,31.19,5.63
Rice,Balochistan,2018,498.1,549.82,-51.72,10.38
Rice,Balochistan,2019,535.0,553.22,-18.22,3.41
Rice,Balochistan,2020,543.67,548.63,-4.96,0.91
Rice,Balochistan,2021,524.75,551.91,-27.16,5.18
Rice,Balochistan,2022,103.16,387.47,-284.31,275.6
Rice,Balochistan,2023,526.63,446.89,79.74,15.14
Cotton,Punjab,2008,1488.46,1488.31,0.15,0.01
Cotton,Punjab,2009,1454.61,1451.01,3.6,0.25
Cotton,Punjab,2010,1335.89,1333.9,1.99,0.15
Cotton,Punjab,2011,1892.93,1880.05,12.88,0.68
Cotton,Punjab,2012,1620.28,1606.68,13.6,0.84
Cotton,Punjab,2013,1555.47,1553.7,1.77,0.11
Cotton,Punjab,2014,1748.02,1739.9,8.12,0.46
Cotton,Punjab,2015,1078.88,1087.31,-8.43,0.78
Cotton,Punjab,2016,1186.89,1179.85,7.04,0.59
Cotton,Punjab,2017,1373.82,1355.79,18.03,1.31
Cotton,Punjab,2018,1161.03,1154.26,6.77,0.58
Cotton,Punjab,2019,1072.6,1071.23,1.37,0.13
Cotton,Punjab,2020,857.93,859.88,-1.95,0.23
Cotton,Punjab,2021,879.03,873.2,5.83,0.66
Cotton,Punjab,2022,545.99,549.65,-3.66,0.67
Cotton,Punjab,2023,1025.32,1016.29,9.03,0.88
Cotton,Sindh,2013,599.29,527.68,71.61,11.95
Cotton,Sindh,2014,607.65,596.54,11.11,1.83
Cotton,Sindh,2015,591.16,600.45,-9.29,1.57
Cotton,Sindh,2016,611.8,601.07,10.73,1.75
Cotton,Sindh,2017,642.23,613.64,28.59,4.45
Cotton,Sindh,2018,499.79,580.76,-80.97,16.2
Cotton,Sindh,2019,467.0,537.61,-70.61,15.12
Cotton,Sindh,2020,316.67,434.14,-117.47,37.09
Cotton,Sindh,2021,510.0,435.65,74.35,14.58
Cotton,Sindh,2022,269.81,373.17,-103.36,38.31
Cotton,Sindh,2023,659.89,472.05,187.84,28.47
Cotton,KPK,2012,0.12,0.15,-0.03,26.95
Cotton,KPK,2013,0.14,0.19,-0.05,33.46
Cotton,KPK,2014,0.51,0.29,0.22,43.36
Cotton,KPK,2015,0.2,0.35,-0.15,74.55
Cotton,KPK,2016,0.1,0.31,-0.21,211.17
Cotton,KPK,2017,0.09,0.14,-0.05,58.16
Cotton,KPK,2018,0.09,0.14,-0.05,54.99
Cotton,KPK,2019,0.1,0.13,-0.03,33.93
Cotton,KPK,2020,0.05,0.12,-0.07,137.63
Cotton,KPK,2021,0.09,0.13,-0.04,49.1
Cotton,KPK,2022,0.09,0.15,-0.06,62.75
Cotton,KPK,2023,0.02,0.12,-0.1,518.65
Cotton,Balochistan,2008,15.17,12.68,2.49,16.39
Cotton,Balochistan,2009,15.43,12.71,2.72,17.62
Cotton,Balochistan,2010,11.72,9.73,1.99,16.99
Cotton,Balochistan,2011,18.45,13.89,4.56,24.74
Cotton,Balochistan,2012,17.62,14.68,2.94,16.66
Cotton,Balochistan,2013,16.96,14.82,2.14,12.61
Cotton,Balochistan,2014,18.22,15.41,2.81,15.4
Cotton,Balochistan,2015,16.6,15.06,1.54,9.26
Cotton,Balochistan,2016,16.18,14.78,1.4,8.66
Cotton,Balochistan,2017,15.7,13.64,2.06,13.1
Cotton,Balochistan,2018,16.31,14.13,2.18,13.35
Cotton,Balochistan,2019,16.3,13.78,2.52,15.45
Cotton,Balochistan,2020,26.84,22.22,4.62,17.22
Cotton,Balochistan,2021,27.54,23.78,3.76,13.67
Cotton,Balochistan,2022,19.17,17.22,1.95,10.19
Cotton,Balochistan,2023,53.53,44.56,8.97,16.76
